{
    "nobuffer": [
        12.279497453942895,
        23.53321234509349,
        36.20883070491254,
        47.43511570524424,
        59.88812546618283,
        71.02341677807271,
        82.87068173103034,
        94.01776849012822,
        109.17169584985822,
        116.99111731443554
    ],
    "buffer": [
        44.682113852351904,
        49.17643887735903,
        50.36214519571513,
        53.48525957111269,
        54.04652072675526,
        57.403536898083985,
        61.193225420080125,
        62.45578095596284,
        62.826522695831954,
        65.63163368217647
    ],
    "trees": [
        100,
        200,
        300,
        400,
        500,
        600,
        700,
        800,
        900,
        1000
    ],
    "buffer_mem": [
        1.4851646423339844,
        2.073436737060547,
        2.6361160278320312,
        3.178112030029297,
        3.720134735107422,
        4.262580871582031,
        4.8071136474609375,
        5.348659515380859,
        5.890998840332031,
        6.432037353515625
    ],
    "no_buffer_mem": [
        0.9287376403808594,
        1.5225296020507812,
        2.0958328247070312,
        2.638458251953125,
        3.180816650390625,
        3.7235870361328125,
        4.267971038818359,
        4.809669494628906,
        5.3467254638671875,
        5.8921051025390625
    ]
}