{
    "nobuffer": [
        3.9026493560522795,
        7.213560706935823,
        9.712449248880148,
        13.11956483963877,
        16.337411222979426,
        19.453310491517186,
        22.14967694412917,
        25.15665674675256,
        28.494525745511055,
        32.99169424828142
    ],
    "buffer": [
        45.20612392574549,
        46.959610600955784,
        48.96397395897657,
        51.48182504624128,
        52.555271248333156,
        56.36755191069096,
        58.09856430999935,
        58.96124500222504,
        61.61178768798709,
        62.53056363295764
    ],
    "trees": [
        100,
        200,
        300,
        400,
        500,
        600,
        700,
        800,
        900,
        1000
    ],
    "buffermem": [
        1.2266578674316406,
        1.81707763671875,
        2.3779869079589844,
        2.9200286865234375,
        3.4626846313476562,
        4.0070953369140625,
        4.550651550292969,
        5.09259033203125,
        5.6338653564453125,
        6.175884246826172
    ],
    "nobuffermem": [
        0.92742919921875,
        1.2710456848144531,
        1.5692176818847656,
        1.8413314819335938,
        2.113811492919922,
        2.38916015625,
        2.664196014404297,
        2.9366493225097656,
        3.207733154296875,
        3.4799957275390625
    ]
}